{
  "bbox_only": {
    "distance_1": {
      "knn": {
        "accuracy": 0.9689119170984456,
        "precision": 0.9629629629629629,
        "recall": 0.9629629629629629,
        "f1": 0.9629629629629629
      },
      "lstm": {
        "accuracy": 0.9689119170984456,
        "precision": 0.9629629629629629,
        "recall": 0.9629629629629629,
        "f1": 0.9629629629629629
      }
    },
    "distance_5": {
      "knn": {
        "accuracy": 0.984375,
        "precision": 0.9753086419753086,
        "recall": 0.9875,
        "f1": 0.9813664596273292
      },
      "lstm": {
        "accuracy": 0.9739583333333334,
        "precision": 0.9746835443037974,
        "recall": 0.9625,
        "f1": 0.9685534591194969
      }
    },
    "distance_10": {
      "knn": {
        "accuracy": 0.9521276595744681,
        "precision": 0.926829268292683,
        "recall": 0.9620253164556962,
        "f1": 0.9440993788819876
      },
      "lstm": {
        "accuracy": 0.9361702127659575,
        "precision": 0.9036144578313253,
        "recall": 0.9493670886075949,
        "f1": 0.9259259259259259
      }
    },
    "distance_15": {
      "knn": {
        "accuracy": 0.9116022099447514,
        "precision": 0.9054054054054054,
        "recall": 0.881578947368421,
        "f1": 0.8933333333333333
      },
      "lstm": {
        "accuracy": 0.9337016574585635,
        "precision": 0.9210526315789473,
        "recall": 0.9210526315789473,
        "f1": 0.9210526315789473
      }
    },
    "distance_20": {
      "knn": {
        "accuracy": 0.8562874251497006,
        "precision": 0.8484848484848485,
        "recall": 0.8,
        "f1": 0.8235294117647058
      },
      "lstm": {
        "accuracy": 0.8802395209580839,
        "precision": 0.890625,
        "recall": 0.8142857142857143,
        "f1": 0.8507462686567164
      }
    },
    "distance_25": {
      "knn": {
        "accuracy": 0.8541666666666666,
        "precision": 0.8275862068965517,
        "recall": 0.8135593220338984,
        "f1": 0.8205128205128205
      },
      "lstm": {
        "accuracy": 0.8888888888888888,
        "precision": 0.864406779661017,
        "recall": 0.864406779661017,
        "f1": 0.864406779661017
      }
    },
    "distance_30": {
      "knn": {
        "accuracy": 0.8378378378378378,
        "precision": 0.8181818181818182,
        "recall": 0.782608695652174,
        "f1": 0.8
      },
      "lstm": {
        "accuracy": 0.7027027027027027,
        "precision": 0.696969696969697,
        "recall": 0.5,
        "f1": 0.5822784810126582
      }
    },
    "distance_40": {
      "knn": {
        "accuracy": 0.7424242424242424,
        "precision": 0.7407407407407407,
        "recall": 0.6666666666666666,
        "f1": 0.7017543859649122
      },
      "lstm": {
        "accuracy": 0.696969696969697,
        "precision": 0.6666666666666666,
        "recall": 0.6666666666666666,
        "f1": 0.6666666666666666
      }
    },
    "distance_50": {
      "knn": {
        "accuracy": 0.4,
        "precision": 0.3333333333333333,
        "recall": 0.2631578947368421,
        "f1": 0.29411764705882354
      },
      "lstm": {
        "accuracy": 0.525,
        "precision": 0.5,
        "recall": 0.42105263157894735,
        "f1": 0.45714285714285713
      }
    }
  },
  "bbox_skeleton": {
    "distance_1": {
      "knn": {
        "accuracy": 0.9740932642487047,
        "precision": 0.9634146341463414,
        "recall": 0.9753086419753086,
        "f1": 0.9693251533742331
      },
      "lstm": {
        "accuracy": 0.9792746113989638,
        "precision": 0.963855421686747,
        "recall": 0.9876543209876543,
        "f1": 0.975609756097561
      }
    },
    "distance_5": {
      "knn": {
        "accuracy": 0.9791666666666666,
        "precision": 0.9634146341463414,
        "recall": 0.9875,
        "f1": 0.9753086419753086
      },
      "lstm": {
        "accuracy": 0.9739583333333334,
        "precision": 0.9746835443037974,
        "recall": 0.9625,
        "f1": 0.9685534591194969
      }
    },
    "distance_10": {
      "knn": {
        "accuracy": 0.9308510638297872,
        "precision": 0.9125,
        "recall": 0.9240506329113924,
        "f1": 0.9182389937106918
      },
      "lstm": {
        "accuracy": 0.9468085106382979,
        "precision": 0.9259259259259259,
        "recall": 0.9493670886075949,
        "f1": 0.9375
      }
    },
    "distance_15": {
      "knn": {
        "accuracy": 0.9226519337016574,
        "precision": 0.8875,
        "recall": 0.9342105263157895,
        "f1": 0.9102564102564102
      },
      "lstm": {
        "accuracy": 0.8950276243093923,
        "precision": 0.8904109589041096,
        "recall": 0.8552631578947368,
        "f1": 0.87248322147651
      }
    },
    "distance_20": {
      "knn": {
        "accuracy": 0.9221556886227545,
        "precision": 0.9253731343283582,
        "recall": 0.8857142857142857,
        "f1": 0.9051094890510949
      },
      "lstm": {
        "accuracy": 0.8982035928143712,
        "precision": 0.8840579710144928,
        "recall": 0.8714285714285714,
        "f1": 0.8776978417266187
      }
    },
    "distance_25": {
      "knn": {
        "accuracy": 0.8888888888888888,
        "precision": 0.8524590163934426,
        "recall": 0.8813559322033898,
        "f1": 0.8666666666666667
      },
      "lstm": {
        "accuracy": 0.8819444444444444,
        "precision": 0.8888888888888888,
        "recall": 0.8135593220338984,
        "f1": 0.8495575221238938
      }
    },
    "distance_30": {
      "knn": {
        "accuracy": 0.8108108108108109,
        "precision": 0.8205128205128205,
        "recall": 0.6956521739130435,
        "f1": 0.7529411764705882
      },
      "lstm": {
        "accuracy": 0.8288288288288288,
        "precision": 0.8461538461538461,
        "recall": 0.717391304347826,
        "f1": 0.7764705882352941
      }
    },
    "distance_40": {
      "knn": {
        "accuracy": 0.7575757575757576,
        "precision": 0.7058823529411765,
        "recall": 0.8,
        "f1": 0.75
      },
      "lstm": {
        "accuracy": 0.7424242424242424,
        "precision": 0.696969696969697,
        "recall": 0.7666666666666667,
        "f1": 0.7301587301587301
      }
    },
    "distance_50": {
      "knn": {
        "accuracy": 0.65,
        "precision": 0.6190476190476191,
        "recall": 0.6842105263157895,
        "f1": 0.65
      },
      "lstm": {
        "accuracy": 0.625,
        "precision": 0.5833333333333334,
        "recall": 0.7368421052631579,
        "f1": 0.6511627906976745
      }
    }
  },
  "bbox_skeleton_angles": {
    "distance_1": {
      "knn": {
        "accuracy": 0.9689119170984456,
        "precision": 0.9629629629629629,
        "recall": 0.9629629629629629,
        "f1": 0.9629629629629629
      },
      "lstm": {
        "accuracy": 0.9792746113989638,
        "precision": 0.963855421686747,
        "recall": 0.9876543209876543,
        "f1": 0.975609756097561
      }
    },
    "distance_5": {
      "knn": {
        "accuracy": 0.9791666666666666,
        "precision": 0.9634146341463414,
        "recall": 0.9875,
        "f1": 0.9753086419753086
      },
      "lstm": {
        "accuracy": 0.9739583333333334,
        "precision": 0.9746835443037974,
        "recall": 0.9625,
        "f1": 0.9685534591194969
      }
    },
    "distance_10": {
      "knn": {
        "accuracy": 0.9414893617021277,
        "precision": 0.9146341463414634,
        "recall": 0.9493670886075949,
        "f1": 0.9316770186335404
      },
      "lstm": {
        "accuracy": 0.9521276595744681,
        "precision": 0.9375,
        "recall": 0.9493670886075949,
        "f1": 0.9433962264150944
      }
    },
    "distance_15": {
      "knn": {
        "accuracy": 0.9116022099447514,
        "precision": 0.8846153846153846,
        "recall": 0.9078947368421053,
        "f1": 0.8961038961038961
      },
      "lstm": {
        "accuracy": 0.9116022099447514,