{
  "bbox_only": {
    "distance_1": {
      "knn": {
        "accuracy": 0.9560975609756097,
        "precision": 0.9529411764705882,
        "recall": 0.9418604651162791,
        "f1": 0.9473684210526315
      },
      "lstm": {
        "accuracy": 0.9609756097560975,
        "precision": 0.9642857142857143,
        "recall": 0.9418604651162791,
        "f1": 0.9529411764705882
      }
    },
    "distance_5": {
      "knn": {
        "accuracy": 0.9897959183673469,
        "precision": 0.9764705882352941,
        "recall": 1.0,
        "f1": 0.9880952380952381
      },
      "lstm": {
        "accuracy": 0.9846938775510204,
        "precision": 0.9761904761904762,
        "recall": 0.9879518072289156,
        "f1": 0.9820359281437125
      }
    },
    "distance_10": {
      "knn": {
        "accuracy": 0.9481865284974094,
        "precision": 0.9493670886075949,
        "recall": 0.9259259259259259,
        "f1": 0.9375
      },
      "lstm": {
        "accuracy": 0.9481865284974094,
        "precision": 0.961038961038961,
        "recall": 0.9135802469135802,
        "f1": 0.9367088607594937
      }
    },
    "distance_15": {
      "knn": {
        "accuracy": 0.8952879581151832,
        "precision": 0.8658536585365854,
        "recall": 0.8875,
        "f1": 0.8765432098765432
      },
      "lstm": {
        "accuracy": 0.8952879581151832,
        "precision": 0.875,
        "recall": 0.875,
        "f1": 0.875
      }
    },
    "distance_20": {
      "knn": {
        "accuracy": 0.6844919786096256,
        "precision": 0.625,
        "recall": 0.6329113924050633,
        "f1": 0.6289308176100629
      },
      "lstm": {
        "accuracy": 0.6524064171122995,
        "precision": 0.6521739130434783,
        "recall": 0.379746835443038,
        "f1": 0.48
      }
    },
    "distance_25": {
      "knn": {
        "accuracy": 0.7374301675977654,
        "precision": 0.7164179104477612,
        "recall": 0.631578947368421,
        "f1": 0.6713286713286714
      },
      "lstm": {
        "accuracy": 0.6983240223463687,
        "precision": 0.6964285714285714,
        "recall": 0.5131578947368421,
        "f1": 0.5909090909090909
      }
    },
    "distance_30": {
      "knn": {
        "accuracy": 0.7423312883435583,
        "precision": 0.7241379310344828,
        "recall": 0.6176470588235294,
        "f1": 0.6666666666666666
      },
      "lstm": {
        "accuracy": 0.7423312883435583,
        "precision": 0.7321428571428571,
        "recall": 0.6029411764705882,
        "f1": 0.6612903225806451
      }
    },
    "distance_40": {
      "knn": {
        "accuracy": 0.7009345794392523,
        "precision": 0.6363636363636364,
        "recall": 0.6363636363636364,
        "f1": 0.6363636363636364
      },
      "lstm": {
        "accuracy": 0.6915887850467289,
        "precision": 0.6486486486486487,
        "recall": 0.5454545454545454,
        "f1": 0.5925925925925926
      }
    },
    "distance_50": {
      "knn": {
        "accuracy": 0.6229508196721312,
        "precision": 0.5714285714285714,
        "recall": 0.7142857142857143,
        "f1": 0.6349206349206349
      },
      "lstm": {
        "accuracy": 0.5573770491803278,
        "precision": 0.5135135135135135,
        "recall": 0.6785714285714286,
        "f1": 0.5846153846153846
      }
    }
  },
  "bbox_skeleton": {
    "distance_1": {
      "knn": {
        "accuracy": 0.9560975609756097,
        "precision": 0.9529411764705882,
        "recall": 0.9418604651162791,
        "f1": 0.9473684210526315
      },
      "lstm": {
        "accuracy": 0.9658536585365853,
        "precision": 0.9759036144578314,
        "recall": 0.9418604651162791,
        "f1": 0.9585798816568047
      }
    },
    "distance_5": {
      "knn": {
        "accuracy": 0.9897959183673469,
        "precision": 0.9764705882352941,
        "recall": 1.0,
        "f1": 0.9880952380952381
      },
      "lstm": {
        "accuracy": 0.9897959183673469,
        "precision": 0.9764705882352941,
        "recall": 1.0,
        "f1": 0.9880952380952381
      }
    },
    "distance_10": {
      "knn": {
        "accuracy": 0.9689119170984456,
        "precision": 0.9629629629629629,
        "recall": 0.9629629629629629,
        "f1": 0.9629629629629629
      },
      "lstm": {
        "accuracy": 0.9689119170984456,
        "precision": 0.9629629629629629,
        "recall": 0.9629629629629629,
        "f1": 0.9629629629629629
      }
    },
    "distance_15": {
      "knn": {
        "accuracy": 0.900523560209424,
        "precision": 0.8426966292134831,
        "recall": 0.9375,
        "f1": 0.8875739644970414
      },
      "lstm": {
        "accuracy": 0.900523560209424,
        "precision": 0.8588235294117647,
        "recall": 0.9125,
        "f1": 0.8848484848484849
      }
    },
    "distance_20": {
      "knn": {
        "accuracy": 0.8449197860962567,
        "precision": 0.7717391304347826,
        "recall": 0.8987341772151899,
        "f1": 0.8304093567251462
      },
      "lstm": {
        "accuracy": 0.8181818181818182,
        "precision": 0.7528089887640449,
        "recall": 0.8481012658227848,
        "f1": 0.7976190476190477
      }
    },
    "distance_25": {
      "knn": {
        "accuracy": 0.8044692737430168,
        "precision": 0.7530864197530864,
        "recall": 0.8026315789473685,
        "f1": 0.7770700636942676
      },
      "lstm": {
        "accuracy": 0.7653631284916201,
        "precision": 0.6976744186046512,
        "recall": 0.7894736842105263,
        "f1": 0.7407407407407407
      }
    },
    "distance_30": {
      "knn": {
        "accuracy": 0.7791411042944786,
        "precision": 0.7424242424242424,
        "recall": 0.7205882352941176,
        "f1": 0.7313432835820896
      },
      "lstm": {
        "accuracy": 0.803680981595092,
        "precision": 0.78125,
        "recall": 0.7352941176470589,
        "f1": 0.7575757575757576
      }
    },
    "distance_40": {
      "knn": {
        "accuracy": 0.7102803738317757,
        "precision": 0.6444444444444445,
        "recall": 0.6590909090909091,
        "f1": 0.651685393258427
      },
      "lstm": {
        "accuracy": 0.7289719626168224,
        "precision": 0.6470588235294118,
        "recall": 0.75,
        "f1": 0.6947368421052632
      }
    },
    "distance_50": {
      "knn": {
        "accuracy": 0.6065573770491803,
        "precision": 0.5625,
        "recall": 0.6428571428571429,
        "f1": 0.6
      },
      "lstm": {
        "accuracy": 0.6229508196721312,
        "precision": 0.5714285714285714,
        "recall": 0.7142857142857143,
        "f1": 0.6349206349206349
      }
    }
  },
  "bbox_skeleton_angles": {
    "distance_1": {
      "knn": {
        "accuracy": 0.9560975609756097,
        "precision": 0.9529411764705882,
        "recall": 0.9418604651162791,
        "f1": 0.9473684210526315
      },
      "lstm": {
        "accuracy": 0.9609756097560975,
        "precision": 0.9642857142857143,
        "recall": 0.9418604651162791,
        "f1": 0.9529411764705882
      }
    },
    "distance_5": {
      "knn": {
        "accuracy": 0.9897959183673469,
        "precision": 0.9764705882352941,
        "recall": 1.0,
        "f1": 0.9880952380952381
      },
      "lstm": {
        "accuracy": 0.9897959183673469,
        "precision": 0.9764705882352941,
        "recall": 1.0,
        "f1": 0.9880952380952381
      }
    },
    "distance_10": {
      "knn": {
        "accuracy": 0.9689119170984456,
        "precision": 0.9629629629629629,
        "recall": 0.9629629629629629,
        "f1": 0.9629629629629629
      },
      "lstm": {
        "accuracy": 0.9637305699481865,
        "precision": 0.9625,
        "recall": 0.9506172839506173,
        "f1": 0.9565217391304348
      }
    },
    "distance_15": {
      "knn": {
        "accuracy": 0.9057591623036649,
        "precision": 0.8522727272727273,
        "recall": 0.9375,
        "f1": 0.8928571428571429
      },